ID_N, SRC_POSTAL_CODE, DES_POSTAL_CODE, DISTANCE_MT, SEC_N, DISTANCE_KM, MIN_N, T
1,560576,560573,212,64,0.2,1.1,0
2,560576,560311,1781,394,1.8,6.6,0
3,560576,560323,1692,364,1.7,6.1,0
4,560576,560301,2380,475,2.4,7.9,0
5,560576,560244,4270,678,4.3,11.3,0
6,560576,560219,4576,692,4.6,11.5,0
7,560576,560214,2505,519,2.5,8.6,0
8,560576,575921,3322,604,3.3,10.1,0
9,560576,789452,3586,641,3.6,10.7,0
10,560576,560350,2046,404,2,6.7,0
11,560576,560336,2225,466,2.2,7.8,0
12,560576,560533,519,150,0.5,2.5,0
13,560576,560561,1221,280,1.2,4.7,0
14,560573,560576,212,67,0.2,1.1,0
15,560573,560311,1697,396,1.7,6.6,0
16,560573,560323,1608,366,1.6,6.1,0
17,560573,560301,2296,477,2.3,8,0
18,560573,560244,4387,712,4.4,11.9,0
19,560573,560219,4492,694,4.5,11.6,0
20,560573,560214,2421,521,2.4,8.7,0
21,560573,575921,3439,638,3.4,10.6,0
22,560573,789452,3703,676,3.7,11.3,0
23,560573,560350,1962,406,2,6.8,0
24,560573,560336,2141,468,2.1,7.8,0
25,560573,560533,636,184,0.6,3.1,0
26,560573,560561,1137,282,1.1,4.7,0
27,560311,560576,1528,346,1.5,5.8,0
28,560311,560573,1444,353,1.4,5.9,0
29,560311,560323,242,91,0.2,1.5,0
30,560311,560301,570,152,0.6,2.5,0
31,560311,560244,2767,393,2.8,6.6,0
32,560311,560219,2275,413,2.3,6.9,0
33,560311,560214,1130,266,1.1,4.4,0
34,560311,575921,3495,486,3.5,8.1,0
35,560311,789452,3695,631,3.7,10.5,0
36,560311,560350,618,171,0.6,2.8,0
37,560311,560336,797,233,0.8,3.9,0
38,560311,560533,1953,462,2,7.7,0
39,560311,560561,2323,528,2.3,8.8,0
40,560323,560576,1772,436,1.8,7.3,0
41,560323,560573,1688,443,1.7,7.4,0
42,560323,560311,242,89,0.2,1.5,0
43,560323,560301,320,148,0.3,2.5,0
44,560323,560244,2881,437,2.9,7.3,0
45,560323,560219,2462,475,2.5,7.9,0
46,560323,560214,1162,286,1.2,4.8,0
47,560323,575921,2698,491,2.7,8.2,0
48,560323,789452,3398,610,3.4,10.2,0
49,560323,560350,862,261,0.9,4.4,0
50,560323,560336,1041,323,1,5.4,0
51,560323,560533,2671,485,2.7,8.1,0
52,560323,560561,2568,618,2.6,10.3,0
53,560301,560576,1811,400,1.8,6.7,0
54,560301,560573,1727,407,1.7,6.8,0
55,560301,560311,547,147,0.5,2.4,0
56,560301,560323,319,109,0.3,1.8,0
57,560301,560244,2507,352,2.5,5.9,0
58,560301,560219,2015,373,2,6.2,0
59,560301,560214,869,225,0.9,3.8,0
60,560301,575921,3235,445,3.2,7.4,0
61,560301,789452,3435,591,3.4,9.8,0
62,560301,560350,901,225,0.9,3.8,0
63,560301,560336,1080,287,1.1,4.8,0
64,560301,560533,2708,467,2.7,7.8,0
65,560301,560561,2606,582,2.6,9.7,0
66,560244,560576,2634,489,2.6,8.2,0
67,560244,560573,2550,497,2.6,8.3,0
68,560244,560311,1962,333,2,5.6,0
69,560244,560323,1841,331,1.8,5.5,0
70,560244,560301,1704,291,1.7,4.8,0
71,560244,560219,855,150,0.9,2.5,0
72,560244,560214,933,177,0.9,3,0
73,560244,575921,1654,266,1.7,4.4,0
74,560244,789452,2555,443,2.6,7.4,0
75,560244,560350,1836,240,1.8,4,0
76,560244,560336,2144,338,2.1,5.6,0
77,560244,560533,3590,531,3.6,8.8,0
78,560244,560561,3430,672,3.4,11.2,0
79,560219,560576,2331,535,2.3,8.9,0
80,560219,560573,2247,543,2.2,9,0
81,560219,560311,1485,346,1.5,5.8,0
82,560219,560323,1364,345,1.4,5.8,0
83,560219,560301,1227,304,1.2,5.1,0
84,560219,560244,2364,323,2.4,5.4,0
85,560219,560214,1297,307,1.3,5.1,0
86,560219,575921,3092,416,3.1,6.9,0
87,560219,789452,3993,593,4,9.9,0
88,560219,560350,1360,254,1.4,4.2,0
89,560219,560336,1667,351,1.7,5.8,0
90,560219,560533,3301,586,3.3,9.8,0
91,560219,560561,3127,718,3.1,12,0
92,560214,560576,2064,445,2.1,7.4,0
93,560214,560573,1980,453,2,7.6,0
94,560214,560311,1129,265,1.1,4.4,0
95,560214,560323,1008,263,1,4.4,0
96,560214,560301,871,223,0.9,3.7,0
97,560214,560244,2237,338,2.2,5.6,0
98,560214,560219,1171,247,1.2,4.1,0
99,560214,575921,2044,350,2,5.8,0
100,560214,789452,2944,527,2.9,8.8,0
101,560214,560350,1574,292,1.6,4.9,0
102,560214,560336,1882,390,1.9,6.5,0
103,560214,560533,3019,487,3,8.1,0
104,560214,560561,2859,628,2.9,10.5,0
105,575921,560576,3355,575,3.4,9.6,0
106,575921,560573,3472,606,3.5,10.1,0
107,575921,560311,3497,508,3.5,8.5,0
108,575921,560323,3376,506,3.4,8.4,0
109,575921,560301,3239,465,3.2,7.8,0
110,575921,560244,1526,174,1.5,2.9,0
111,575921,560219,2390,324,2.4,5.4,0
112,575921,560214,2468,352,2.5,5.9,0
113,575921,789452,971,190,1,3.2,0
114,575921,560350,3372,415,3.4,6.9,0
115,575921,560336,3679,513,3.7,8.6,0
116,575921,560533,2966,498,3,8.3,0
117,575921,560561,3953,714,4,11.9,0
118,789452,560576,3642,662,3.6,11,0
119,789452,560573,3759,693,3.8,11.6,0
120,789452,560311,4448,646,4.4,10.8,0
121,789452,560323,4328,644,4.3,10.7,0
122,789452,560301,4190,603,4.2,10,0
123,789452,560244,2477,312,2.5,5.2,0
124,789452,560219,3341,463,3.3,7.7,0
125,789452,560214,3420,490,3.4,8.2,0
126,789452,575921,1099,196,1.1,3.3,0
127,789452,560350,4323,553,4.3,9.2,0
128,789452,560336,4630,651,4.6,10.8,0
129,789452,560533,3253,585,3.3,9.8,0
130,789452,560561,4239,801,4.2,13.4,0
131,560350,560576,1501,331,1.5,5.5,0
132,560350,560573,1417,339,1.4,5.6,0
133,560350,560311,616,171,0.6,2.8,0
134,560350,560323,860,262,0.9,4.4,0
135,560350,560301,907,223,0.9,3.7,0
136,560350,560244,3104,464,3.1,7.7,0
137,560350,560219,2613,484,2.6,8.1,0
138,560350,560214,1467,337,1.5,5.6,0
139,560350,575921,3833,557,3.8,9.3,0
140,560350,789452,4033,703,4,11.7,0
141,560350,560336,404,126,0.4,2.1,0
142,560350,560533,1926,448,1.9,7.5,0
143,560350,560561,2297,514,2.3,8.6,0
144,560336,560576,1700,440,1.7,7.3,0
145,560336,560573,1616,448,1.6,7.5,0
146,560336,560311,814,280,0.8,4.7,0
147,560336,560323,1059,371,1.1,6.2,0
148,560336,560301,1106,332,1.1,5.5,0
149,560336,560244,3303,573,3.3,9.6,0
150,560336,560219,2811,594,2.8,9.9,0
151,560336,560214,1666,446,1.7,7.4,0
152,560336,575921,4032,666,4,11.1,0
153,560336,789452,4232,812,4.2,13.5,0
154,560336,560350,424,167,0.4,2.8,0
155,560336,560533,2125,557,2.1,9.3,0
156,560336,560561,2496,623,2.5,10.4,0
157,560533,560576,519,153,0.5,2.6,0
158,560533,560573,636,184,0.6,3.1,0
159,560533,560311,2111,422,2.1,7,0
160,560533,560323,2022,392,2,6.5,0
161,560533,560301,2570,463,2.6,7.7,0
162,560533,560244,3835,611,3.8,10.2,0
163,560533,560219,4051,673,4.1,11.2,0
164,560533,560214,2752,484,2.8,8.1,0
165,560533,575921,2887,537,2.9,9,0
166,560533,789452,3152,574,3.2,9.6,0
167,560533,560350,2445,439,2.4,7.3,0
168,560533,560336,2624,501,2.6,8.4,0
169,560533,560561,1276,359,1.3,6,0
170,560561,560576,1049,274,1,4.6,0
171,560561,560573,1166,305,1.2,5.1,0
172,560561,560311,1961,481,2,8,0
173,560561,560323,1872,451,1.9,7.5,0
174,560561,560301,2560,557,2.6,9.3,0
175,560561,560244,5248,754,5.2,12.6,0
176,560561,560219,3984,796,4,13.3,0
177,560561,560214,2685,607,2.7,10.1,0
178,560561,575921,3944,779,3.9,13,0
179,560561,789452,4209,816,4.2,13.6,0
180,560561,560350,2226,486,2.2,8.1,0
181,560561,560336,2405,548,2.4,9.1,0
182,560561,560533,1276,350,1.3,5.8,0
183,560610,560457,3997,789,4,13.2,0
184,560610,560462,3817,718,3.8,12,0
185,560610,560472,3914,678,3.9,11.3,0
186,560610,560416,4088,773,4.1,12.9,0
187,560610,560440,3965,764,4,12.7,0
188,560610,560337,3540,619,3.5,10.3,0
189,560610,570025,4850,741,4.8,12.4,0
190,560610,570105,6523,996,6.5,16.6,0
191,560610,570124,6473,976,6.5,16.3,0
192,560610,570249,3775,597,3.8,10,0
193,560610,562310,3274,491,3.3,8.2,0
194,560610,560207,2913,537,2.9,9,0
195,560457,560610,3989,817,4,13.6,0
196,560457,560462,185,64,0.2,1.1,0
197,560457,560472,458,119,0.5,2,0
198,560457,560416,1012,290,1,4.8,0
199,560457,560440,919,256,0.9,4.3,0
200,560457,560337,1665,335,1.7,5.6,0
201,560457,570025,4394,685,4.4,11.4,0
202,560457,570105,3748,689,3.7,11.5,0
203,560457,570124,3697,669,3.7,11.2,0
204,560457,570249,3320,541,3.3,9,0
205,560457,562310,2296,521,2.3,8.7,0
206,560457,560207,2442,590,2.4,9.8,0
207,560462,560610,4006,823,4,13.7,0
208,560462,560457,382,140,0.4,2.3,0
209,560462,560472,440,115,0.4,1.9,0
210,560462,560416,994,286,1,4.8,0
211,560462,560440,936,262,0.9,4.4,0
212,560462,560337,1658,340,1.7,5.7,0
213,560462,570025,4377,681,4.4,11.4,0
214,560462,570105,3730,684,3.7,11.4,0
215,560462,570124,3679,664,3.7,11.1,0
216,560462,570249,3302,537,3.3,9,0
217,560462,562310,2288,526,2.3,8.8,0
218,560462,560207,2459,596,2.5,9.9,0
219,560472,560610,4096,769,4.1,12.8,0
220,560472,560457,656,195,0.7,3.2,0
221,560472,560462,440,116,0.4,1.9,0
222,560472,560416,651,208,0.7,3.5,0
223,560472,560440,1016,242,1,4,0
224,560472,560337,1315,263,1.3,4.4,0
225,560472,570025,3893,614,3.9,10.2,0
226,560472,570105,3247,617,3.2,10.3,0
227,560472,570124,3196,597,3.2,10,0
228,560472,570249,2818,470,2.8,7.8,0
229,560472,562310,1946,448,1.9,7.5,0
230,560472,560207,2253,496,2.3,8.3,0
231,560416,560610,3987,750,4,12.5,0
232,560416,560457,1170,299,1.2,5,0
233,560416,560462,990,228,1,3.8,0
234,560416,560472,558,174,0.6,2.9,0
235,560416,560440,907,223,0.9,3.7,0
236,560416,560337,1206,243,1.2,4,0
237,560416,570025,3925,594,3.9,9.9,0
238,560416,570105,3278,598,3.3,10,0
239,560416,570124,3228,578,3.2,9.6,0
240,560416,570249,2850,450,2.8,7.5,0
241,560416,562310,1836,429,1.8,7.2,0
242,560416,560207,2144,476,2.1,7.9,0
243,560440,560610,3690,707,3.7,11.8,0
244,560440,560457,1211,320,1.2,5.3,0
245,560440,560462,1016,244,1,4.1,0
246,560440,560472,674,163,0.7,2.7,0
247,560440,560416,847,259,0.8,4.3,0
248,560440,560337,908,201,0.9,3.4,0
249,560440,570025,3850,574,3.8,9.6,0
250,560440,570105,3251,607,3.3,10.1,0
251,560440,570124,3200,587,3.2,9.8,0
252,560440,570249,2775,430,2.8,7.2,0
253,560440,562310,1539,387,1.5,6.4,0
254,560440,560207,1847,434,1.8,7.2,0
255,560337,560610,3697,690,3.7,11.5,0
256,560337,560457,1850,412,1.8,6.9,0
257,560337,560462,1656,335,1.7,5.6,0
258,560337,560472,1313,255,1.3,4.2,0
259,560337,560416,1486,350,1.5,5.8,0
260,560337,560440,1586,336,1.6,5.6,0
261,560337,570025,3286,501,3.3,8.4,0
262,560337,570105,2687,533,2.7,8.9,0
263,560337,570124,2636,513,2.6,8.6,0
264,560337,570249,2211,356,2.2,5.9,0
265,560337,562310,1546,369,1.5,6.2,0
266,560337,560207,1854,416,1.9,6.9,0
267,570025,560610,5014,692,5,11.5,0
268,570025,560457,5202,840,5.2,14,0
269,570025,560462,4986,761,5,12.7,0
270,570025,560472,4644,680,4.6,11.3,0
271,570025,560416,4624,743,4.6,12.4,0
272,570025,560440,5091,785,5.1,13.1,0
273,570025,560337,3337,526,3.3,8.8,0
274,570025,570105,2837,552,2.8,9.2,0
275,570025,570124,2787,533,2.8,8.9,0
276,570025,570249,2086,357,2.1,6,0
277,570025,562310,2411,381,2.4,6.4,0
278,570025,560207,2991,516,3,8.6,0
279,570105,560610,6442,1079,6.4,18,0
280,570105,560457,4029,817,4,13.6,0
281,570105,560462,3814,738,3.8,12.3,0
282,570105,560472,3472,658,3.5,11,0
283,570105,560416,3452,720,3.5,12,0
284,570105,560440,4010,782,4,13,0
285,570105,560337,2682,560,2.7,9.3,0
286,570105,570025,4432,742,4.4,12.4,0
287,570105,570124,635,218,0.6,3.6,0
288,570105,570249,2549,582,2.5,9.7,0
289,570105,562310,3538,644,3.5,10.7,0
290,570105,560207,4118,738,4.1,12.3,0
291,570124,560610,6392,1048,6.4,17.5,0
292,570124,560457,5363,683,5.4,11.4,0
293,570124,560462,5183,612,5.2,10.2,0
294,570124,560472,4112,571,4.1,9.5,0
295,570124,560416,4093,634,4.1,10.6,0
296,570124,560440,5331,658,5.3,11,0
297,570124,560337,2631,529,2.6,8.8,0
298,570124,570025,4381,711,4.4,11.8,0
299,570124,570105,635,206,0.6,3.4,0
300,570124,570249,2498,551,2.5,9.2,0
301,570124,562310,3488,613,3.5,10.2,0
302,570124,560207,4068,707,4.1,11.8,0
303,570249,560610,4135,632,4.1,10.5,0
304,570249,560457,3618,683,3.6,11.4,0
305,570249,560462,3402,605,3.4,10.1,0
306,570249,560472,3060,524,3.1,8.7,0
307,570249,560416,3040,586,3,9.8,0
308,570249,560440,3507,628,3.5,10.5,0
309,570249,560337,1753,370,1.8,6.2,0
310,570249,570025,1511,312,1.5,5.2,0
311,570249,570105,3380,582,3.4,9.7,0
312,570249,570124,3330,562,3.3,9.4,0
313,570249,562310,827,224,0.8,3.7,0
314,570249,560207,1407,359,1.4,6,0
315,562310,560610,3376,661,3.4,11,0
316,562310,560457,2830,525,2.8,8.8,0
317,562310,560462,2614,446,2.6,7.4,0
318,562310,560472,2272,366,2.3,6.1,0
319,562310,560416,2253,428,2.3,7.1,0
320,562310,560440,2719,470,2.7,7.8,0
321,562310,560337,965,212,1,3.5,0
322,562310,570025,2785,571,2.8,9.5,0
323,562310,570105,3289,571,3.3,9.5,0
324,562310,570124,3238,551,3.2,9.2,0
325,562310,570249,1710,427,1.7,7.1,0
326,562310,560207,1218,357,1.2,6,0
327,560207,560610,3177,593,3.2,9.9,0
328,560207,560457,2810,653,2.8,10.9,0
329,560207,560462,2615,576,2.6,9.6,0
330,560207,560472,2273,496,2.3,8.3,0
331,560207,560416,3058,593,3.1,9.9,0
332,560207,560440,2546,577,2.5,9.6,0
333,560207,560337,1770,377,1.8,6.3,0
334,560207,570025,2442,493,2.4,8.2,0
335,560207,570105,4094,736,4.1,12.3,0
336,560207,570124,4044,717,4,12,0
337,560207,570249,1367,349,1.4,5.8,0
338,560207,562310,845,231,0.8,3.8,0
339,570229,560470,2666,443,2.7,7.4,0
340,560470,570229,2763,481,2.8,8,0
341,570153,560336,3706,717,3.7,12,0
342,570153,560306,4141,817,4.1,13.6,0
343,570153,560222,4726,689,4.7,11.5,0
344,560336,570153,3324,624,3.3,10.4,0
345,560336,560306,1357,495,1.4,8.2,0
346,560336,560222,2705,545,2.7,9.1,0
347,560306,570153,3409,547,3.4,9.1,0
348,560306,560336,1074,251,1.1,4.2,0
349,560306,560222,2168,389,2.2,6.5,0
350,560222,570153,4013,661,4,11,0
351,560222,560336,1678,365,1.7,6.1,0
352,560222,560306,1128,374,1.1,6.2,0
353,575574,570170,4065,792,4.1,13.2,0
354,575574,560542,4464,923,4.5,15.4,0
355,575574,560222,2963,461,3,7.7,0
356,570170,575574,3971,799,4,13.3,0
357,570170,560542,5252,648,5.3,10.8,0
358,570170,560222,4592,635,4.6,10.6,0
359,560542,575574,5246,931,5.2,15.5,0
360,560542,570170,4467,788,4.5,13.1,0
361,560542,560222,3884,770,3.9,12.8,0
362,560222,575574,2398,520,2.4,8.7,0
363,560222,570170,3938,629,3.9,10.5,0
364,560222,560542,3138,732,3.1,12.2,0
365,570229,561590,3174,550,3.2,9.2,0
366,570229,560222,3904,518,3.9,8.6,0
367,561590,570229,3778,667,3.8,11.1,0
368,561590,560222,4451,645,4.5,10.8,0
369,560222,570229,1986,442,2,7.4,0
370,560222,561590,2324,548,2.3,9.1,0
371,560470,560573,1343,270,1.3,4.5,0
372,560573,560470,1140,224,1.1,3.7,0
373,570153,560542,5246,668,5.2,11.1,0
374,560542,570153,4542,820,4.5,13.7,0
375,562590,560317,2247,445,2.2,7.4,0
376,562590,560301,2441,505,2.4,8.4,0
377,562590,560253,4665,716,4.7,11.9,0
378,562590,560229,3021,628,3,10.5,0
379,562590,570407,4665,710,4.7,11.8,0
380,562590,560416,1603,383,1.6,6.4,0
381,562590,560443,1213,299,1.2,5,0
382,562590,560429,1344,338,1.3,5.6,0
383,560317,562590,1696,374,1.7,6.2,0
384,560317,560301,299,85,0.3,1.4,0
385,560317,560253,2032,340,2,5.7,0
386,560317,560229,1275,301,1.3,5,0
387,560317,570407,2061,358,2.1,6,0
388,560317,560416,1731,409,1.7,6.8,0
389,560317,560443,1771,372,1.8,6.2,0
390,560317,560429,1901,412,1.9,6.9,0
391,560301,562590,1872,425,1.9,7.1,0
392,560301,560317,301,84,0.3,1.4,0
393,560301,560253,2043,367,2,6.1,0
394,560301,560229,1286,327,1.3,5.4,0
395,560301,570407,2072,384,2.1,6.4,0
396,560301,560416,1907,460,1.9,7.7,0
397,560301,560443,1947,423,1.9,7,0
398,560301,560429,2077,463,2.1,7.7,0
399,560253,562590,2789,559,2.8,9.3,0
400,560253,560317,2061,360,2.1,6,0
401,560253,560301,2049,380,2,6.3,0
402,560253,560229,2122,328,2.1,5.5,0
403,560253,570407,3743,521,3.7,8.7,0
404,560253,560416,4700,701,4.7,11.7,0
405,560253,560443,3454,705,3.5,11.8,0
406,560253,560429,3585,744,3.6,12.4,0
407,560229,562590,2382,558,2.4,9.3,0
408,560229,560317,1296,328,1.3,5.5,0
409,560229,560301,1284,348,1.3,5.8,0
410,560229,560253,1632,371,1.6,6.2,0
411,560229,570407,2581,446,2.6,7.4,0
412,560229,560416,3539,625,3.5,10.4,0
413,560229,560443,3945,646,3.9,10.8,0
414,560229,560429,4075,685,4.1,11.4,0
415,570407,562590,5312,862,5.3,14.4,0
416,570407,560317,4162,602,4.2,10,0
417,570407,560301,4320,638,4.3,10.6,0
418,570407,560253,3188,447,3.2,7.4,0
419,570407,560229,3401,504,3.4,8.4,0
420,570407,560416,5980,876,6,14.6,0
421,570407,560443,6386,896,6.4,14.9,0
422,570407,560429,6517,936,6.5,15.6,0
423,560416,562590,1523,309,1.5,5.2,0
424,560416,560317,1433,289,1.4,4.8,0
425,560416,560301,1627,349,1.6,5.8,0
426,560416,560253,3604,533,3.6,8.9,0
427,560416,560229,2604,565,2.6,9.4,0
428,560416,570407,3604,527,3.6,8.8,0
429,560416,560443,846,201,0.8,3.4,0
430,560416,560429,977,240,1,4,0
431,560443,562590,1260,271,1.3,4.5,0
432,560443,560317,1171,250,1.2,4.2,0
433,560443,560301,1365,311,1.4,5.2,0
434,560443,560253,3564,517,3.6,8.6,0
435,560443,560229,2342,527,2.3,8.8,0
436,560443,570407,3564,511,3.6,8.5,0
437,560443,560416,882,263,0.9,4.4,0
438,560443,560429,499,172,0.5,2.9,0
439,560429,562590,1641,435,1.6,7.2,0
440,560429,560317,1950,398,2,6.6,0
441,560429,560301,2003,463,2,7.7,0
442,560429,560253,3067,633,3.1,10.6,0
443,560429,560229,2655,572,2.7,9.5,0
444,560429,570407,3485,678,3.5,11.3,0
445,560429,560416,1271,363,1.3,6,0
446,560429,560443,502,180,0.5,3,0
447,560502,560520,403,125,0.4,2.1,0
448,560502,560533,1045,278,1,4.6,0
449,560520,560502,413,119,0.4,2,0
450,560520,560533,568,141,0.6,2.4,0
451,560533,560502,801,225,0.8,3.8,0
452,560533,560520,568,150,0.6,2.5,0
453,572152,560576,4861,586,4.9,9.8,0
454,560576,572152,4826,801,4.8,13.4,0
455,560576,560416,1542,353,1.5,5.9,0
456,560576,560333,2498,456,2.5,7.6,0
457,560576,560303,2321,440,2.3,7.3,0
458,560416,560576,1461,284,1.5,4.7,0
459,560416,560333,1745,331,1.7,5.5,0
460,560416,560303,1568,314,1.6,5.2,0
461,560333,560576,1704,291,1.7,4.8,0
462,560333,560416,1333,299,1.3,5,0
463,560333,560303,1492,259,1.5,4.3,0
464,560303,560576,1488,340,1.5,5.7,0
465,560303,560416,2758,476,2.8,7.9,0
466,560303,560333,1425,178,1.4,3,0
467,560560,560522,1270,312,1.3,5.2,0
468,560522,560560,1244,352,1.2,5.9,0
469,572152,560475,3185,437,3.2,7.3,0
470,560475,572152,4139,730,4.1,12.2,0
471,787722,574920,850,217,0.8,3.6,0
472,787722,560182,1466,335,1.5,5.6,0
473,787722,560156,2144,476,2.1,7.9,0
474,787722,560155,2924,567,2.9,9.4,0
475,787722,560424,3627,658,3.6,11,0
476,787722,578375,1508,284,1.5,4.7,0
477,787722,560170,2034,390,2,6.5,0
478,574920,787722,999,240,1,4,0
479,574920,560182,1343,250,1.3,4.2,0
480,574920,560156,1873,412,1.9,6.9,0
481,574920,560155,2653,504,2.7,8.4,0
482,574920,560424,3357,595,3.4,9.9,0
483,574920,578375,753,136,0.8,2.3,0
484,574920,560170,1279,242,1.3,4,0
485,560182,787722,1563,301,1.6,5,0
486,560182,574920,1114,190,1.1,3.2,0
487,560182,560156,978,235,1,3.9,0
488,560182,560155,1759,326,1.8,5.4,0
489,560182,560424,2462,417,2.5,7,0
490,560182,578375,591,116,0.6,1.9,0
491,560182,560170,811,153,0.8,2.6,0
492,560156,787722,2427,544,2.4,9.1,0
493,560156,574920,1809,403,1.8,6.7,0
494,560156,560182,1134,325,1.1,5.4,0
495,560156,560155,436,152,0.4,2.5,0
496,560156,560424,2407,581,2.4,9.7,0
497,560156,578375,1056,282,1.1,4.7,0
498,560156,560170,530,177,0.5,3,0
499,560155,787722,2118,435,2.1,7.2,0
500,560155,574920,1669,324,1.7,5.4,0
501,560155,560182,825,216,0.8,3.6,0
502,560155,560156,436,141,0.4,2.4,0
503,560155,560424,2253,552,2.3,9.2,0
504,560155,578375,1296,289,1.3,4.8,0
505,560155,560170,918,268,0.9,4.5,0
506,560424,787722,4523,777,4.5,13,0
507,560424,574920,5239,627,5.2,10.4,0
508,560424,560182,3230,558,3.2,9.3,0
509,560424,560156,3070,559,3.1,9.3,0
510,560424,560155,2761,469,2.8,7.8,0
511,560424,578375,4486,507,4.5,8.4,0
512,560424,560170,2727,512,2.7,8.5,0
513,578375,787722,1458,286,1.5,4.8,0
514,578375,574920,753,121,0.8,2,0
515,578375,560182,589,114,0.6,1.9,0
516,578375,560156,1063,278,1.1,4.6,0
517,578375,560155,2228,392,2.2,6.5,0
518,578375,560424,2931,483,2.9,8,0
519,578375,560170,526,106,0.5,1.8,0
520,560170,787722,1983,391,2,6.5,0
521,560170,574920,1279,226,1.3,3.8,0
522,560170,560182,881,174,0.9,2.9,0
523,560170,560156,537,172,0.5,2.9,0
524,560170,560155,1858,394,1.9,6.6,0
525,560170,560424,2561,484,2.6,8.1,0
526,560170,578375,526,105,0.5,1.8,0
527,570024,575456,1328,295,1.3,4.9,0
528,570024,578824,1533,312,1.5,5.2,0
529,570024,570441,2059,396,2.1,6.6,0
530,570024,570406,2115,405,2.1,6.8,0
531,570024,579496,3571,470,3.6,7.8,0
532,570024,579434,3375,455,3.4,7.6,0
533,570024,560348,2989,564,3,9.4,0
534,575456,570024,1832,305,1.8,5.1,0
535,575456,578824,488,116,0.5,1.9,0
536,575456,570441,1277,270,1.3,4.5,0
537,575456,570406,2210,434,2.2,7.2,0
538,575456,579496,2789,344,2.8,5.7,0
539,575456,579434,2593,329,2.6,5.5,0
540,575456,560348,4351,610,4.4,10.2,0
541,578824,570024,1669,245,1.7,4.1,0
542,578824,575456,488,103,0.5,1.7,0
543,578824,570441,1114,210,1.1,3.5,0
544,578824,570406,2046,374,2,6.2,0
545,578824,579496,2626,284,2.6,4.7,0
546,578824,579434,2430,269,2.4,4.5,0
547,578824,560348,4187,550,4.2,9.2,0
548,570441,570024,1647,264,1.6,4.4,0
549,570441,575456,1362,257,1.4,4.3,0
550,570441,578824,1199,218,1.2,3.6,0
551,570441,570406,1101,229,1.1,3.8,0
552,570441,579496,2221,276,2.2,4.6,0
553,570441,579434,2025,260,2,4.3,0
554,570441,560348,2837,479,2.8,8,0
555,570406,570024,2575,434,2.6,7.2,0
556,570406,575456,2290,428,2.3,7.1,0
557,570406,578824,2127,388,2.1,6.5,0
558,570406,570441,1081,228,1.1,3.8,0
559,570406,579496,3149,446,3.1,7.4,0
560,570406,579434,2953,431,3,7.2,0
561,570406,560348,2128,399,2.1,6.6,0
562,579496,570024,3617,488,3.6,8.1,0
563,579496,575456,3333,481,3.3,8,0
564,579496,578824,3169,442,3.2,7.4,0
565,579496,570441,2611,376,2.6,6.3,0
566,579496,570406,3543,540,3.5,9,0
567,579496,579434,1678,307,1.7,5.1,0
568,579496,560348,3726,541,3.7,9,0
569,579434,570024,3813,503,3.8,8.4,0
570,579434,575456,3529,496,3.5,8.3,0
571,579434,578824,3365,457,3.4,7.6,0
572,579434,570441,2807,391,2.8,6.5,0
573,579434,570406,3739,556,3.7,9.3,0
574,579434,579496,196,15,0.2,0.2,0
575,579434,560348,3922,556,3.9,9.3,0
576,560348,570024,4713,600,4.7,10,0
577,560348,575456,4147,608,4.1,10.1,0
578,560348,578824,4265,554,4.3,9.2,0
579,560348,570441,3706,488,3.7,8.1,0
580,560348,570406,2174,408,2.2,6.8,0
581,560348,579496,3369,440,3.4,7.3,0
582,560348,579434,3173,425,3.2,7.1,0
583,560117,560212,1197,348,1.2,5.8,0
584,560212,560117,1205,296,1.2,4.9,0
585,560639,560428,3056,569,3.1,9.5,0
586,560428,560639,2669,475,2.7,7.9,0
587,575456,575491,164,54,0.2,0.9,0
588,575456,560322,4856,781,4.9,13,0
589,575491,575456,164,56,0.2,0.9,0
590,575491,570441,1307,263,1.3,4.4,0
591,575491,570406,2239,427,2.2,7.1,0
592,575491,579496,2819,337,2.8,5.6,0
593,575491,560348,4381,603,4.4,10,0
594,575491,560322,4886,774,4.9,12.9,0
595,570441,575491,1882,284,1.9,4.7,0
596,570441,560322,3342,650,3.3,10.8,0
597,570406,575491,2663,513,2.7,8.6,0
598,570406,560322,2633,570,2.6,9.5,0
599,579496,575491,3853,507,3.9,8.4,0
600,579496,560322,3885,666,3.9,11.1,0
601,560348,575491,4091,595,4.1,9.9,0
602,560348,560322,497,169,0.5,2.8,0
603,560322,575456,4377,684,4.4,11.4,0
604,560322,575491,4321,670,4.3,11.2,0
605,560322,570441,3936,563,3.9,9.4,0
606,560322,570406,2404,484,2.4,8.1,0
607,560322,579496,3599,515,3.6,8.6,0
608,560322,560348,936,203,0.9,3.4,0
609,560650,560325,2487,533,2.5,8.9,0
610,560325,560650,2179,447,2.2,7.4,0
611,560305,560112,2734,389,2.7,6.5,0
612,560112,560305,3078,561,3.1,9.4,0
613,574988,560244,2195,327,2.2,5.4,0
614,560244,574988,2324,405,2.3,6.8,0
615,787056,560325,3366,578,3.4,9.6,0
616,787056,560115,2344,539,2.3,9,0
617,560325,787056,2874,509,2.9,8.5,0
618,560325,560115,2121,500,2.1,8.3,0
619,560115,787056,2884,589,2.9,9.8,0
620,560115,560325,2042,481,2,8,0
621,570450,560650,4497,818,4.5,13.6,0
622,560650,570450,5071,822,5.1,13.7,0
623,570024,575491,1272,281,1.3,4.7,0
624,575491,570024,1862,298,1.9,5,0
625,575491,579434,2623,322,2.6,5.4,0
626,579434,575491,4049,523,4,8.7,0
627,560255,560209,1700,335,1.7,5.6,0
628,560209,560255,1469,325,1.5,5.4,0
629,560156,560612,1508,397,1.5,6.6,0
630,560156,560111,1136,356,1.1,5.9,0
631,560156,560618,989,324,1,5.4,0
632,560155,560612,1199,288,1.2,4.8,0
633,560155,560111,1524,446,1.5,7.4,0
634,560155,560618,680,216,0.7,3.6,0
635,560612,560156,1145,283,1.1,4.7,0
636,560612,560155,1926,375,1.9,6.2,0
637,560612,560182,468,142,0.5,2.4,0
638,560612,574920,1311,253,1.3,4.2,0
639,560612,787722,1761,364,1.8,6.1,0
640,560612,560170,1158,251,1.2,4.2,0
641,560612,578375,939,214,0.9,3.6,0
642,560612,560618,1056,269,1.1,4.5,0
643,560612,560424,2629,465,2.6,7.8,0
644,560182,560612,858,193,0.9,3.2,0
645,560182,560111,1749,386,1.7,6.4,0
646,560182,560618,889,220,0.9,3.7,0
647,574920,560612,1219,276,1.2,4.6,0
648,574920,560111,2172,459,2.2,7.6,0
649,574920,560618,1783,398,1.8,6.6,0
650,787722,560612,1490,339,1.5,5.6,0
651,787722,560111,3737,562,3.7,9.4,0
652,787722,560618,2054,461,2.1,7.7,0
653,560111,560156,1159,355,1.2,5.9,0
654,560111,560155,2543,432,2.5,7.2,0
655,560111,560182,1753,367,1.8,6.1,0
656,560111,574920,2126,407,2.1,6.8,0
657,560111,787722,2830,572,2.8,9.5,0
658,560111,560170,851,264,0.9,4.4,0
659,560111,578375,1373,286,1.4,4.8,0
660,560111,560618,1610,461,1.6,7.7,0
661,560111,560424,1639,389,1.6,6.5,0
662,560170,560612,1508,351,1.5,5.8,0
663,560170,560111,856,276,0.9,4.6,0
664,560170,560618,988,278,1,4.6,0
665,578375,560612,1327,259,1.3,4.3,0
666,578375,560111,1419,323,1.4,5.4,0
667,578375,560618,1358,286,1.4,4.8,0
668,560618,560156,804,284,0.8,4.7,0
669,560618,560155,1585,382,1.6,6.4,0
670,560618,560612,976,269,1,4.5,0
671,560618,560182,916,283,0.9,4.7,0
672,560618,574920,1998,385,2,6.4,0
673,560618,787722,2448,497,2.4,8.3,0
674,560618,560111,1615,511,1.6,8.5,0
675,560618,560170,1009,333,1,5.6,0
676,560618,578375,1387,356,1.4,5.9,0
677,560618,560424,2288,472,2.3,7.9,0
678,560424,560612,3604,630,3.6,10.5,0
679,560424,560111,2228,414,2.2,6.9,0
680,560424,560618,3085,557,3.1,9.3,0
681,579496,560636,2405,433,2.4,7.2,0
682,579496,560232,2549,395,2.5,6.6,0
683,579496,560646,2683,422,2.7,7,0
684,579496,560153,3029,517,3,8.6,0
685,579496,574995,1116,213,1.1,3.6,0
686,579496,560178,1676,321,1.7,5.4,0
687,579496,560217,2988,434,3,7.2,0
688,579434,560636,2601,448,2.6,7.5,0
689,579434,560232,2745,410,2.7,6.8,0
690,579434,560646,2879,438,2.9,7.3,0
691,579434,560153,3225,532,3.2,8.9,0
692,579434,574995,1311,228,1.3,3.8,0
693,579434,560178,1872,336,1.9,5.6,0
694,579434,560217,3184,449,3.2,7.5,0
695,560636,579496,2404,421,2.4,7,0
696,560636,579434,3279,636,3.3,10.6,0
697,560636,560217,4910,712,4.9,11.9,0
698,560636,560348,3046,585,3,9.8,0
699,560232,579496,3631,493,3.6,8.2,0
700,560232,579434,3435,478,3.4,8,0
701,560232,560217,1009,238,1,4,0
702,560232,560348,1748,345,1.7,5.8,0
703,560646,579496,2538,411,2.5,6.8,0
704,560646,579434,3413,626,3.4,10.4,0
705,560646,560217,4016,649,4,10.8,0
706,560646,560348,2424,404,2.4,6.7,0
707,560153,579496,2086,362,2.1,6,0
708,560153,579434,3069,511,3.1,8.5,0
709,560153,560217,3448,559,3.4,9.3,0
710,560153,560348,2401,565,2.4,9.4,0
711,574995,579496,1157,206,1.2,3.4,0
712,574995,579434,1683,366,1.7,6.1,0
713,574995,560217,3053,435,3.1,7.2,0
714,574995,560348,3791,542,3.8,9,0
715,560178,579496,1636,265,1.6,4.4,0
716,560178,579434,2469,375,2.5,6.2,0
717,560178,560217,2848,422,2.8,7,0
718,560178,560348,2501,467,2.5,7.8,0
719,560217,579496,2985,399,3,6.6,0
720,560217,579434,2790,384,2.8,6.4,0
721,560217,560636,2829,539,2.8,9,0
722,560217,560232,1419,286,1.4,4.8,0
723,560217,560646,2208,379,2.2,6.3,0
724,560217,560153,2497,459,2.5,7.6,0
725,560217,574995,3406,461,3.4,7.7,0
726,560217,560178,3251,482,3.3,8,0
727,560217,560348,1102,251,1.1,4.2,0
728,560348,560636,2477,432,2.5,7.2,0
729,560348,560232,1491,346,1.5,5.8,0
730,560348,560646,1855,271,1.9,4.5,0
731,560348,560153,2145,351,2.1,5.8,0
732,560348,574995,3789,501,3.8,8.4,0
733,560348,560178,2719,477,2.7,8,0
734,560348,560217,2241,366,2.2,6.1,0
735,570024,574758,4366,616,4.4,10.3,0
736,570024,560108,3781,612,3.8,10.2,0
737,570024,568518,4537,727,4.5,12.1,0
738,575456,574758,3584,490,3.6,8.2,0
739,575456,560108,3508,485,3.5,8.1,0
740,575456,568518,3755,600,3.8,10,0
741,578824,574758,3421,430,3.4,7.2,0
742,578824,560108,3345,426,3.3,7.1,0
743,578824,568518,3591,541,3.6,9,0
744,570441,574758,3016,422,3,7,0
745,570441,560108,2940,417,2.9,7,0
746,570441,568518,3186,532,3.2,8.9,0
747,570406,574758,4237,552,4.2,9.2,0
748,570406,560108,2920,447,2.9,7.4,0
749,570406,568518,3401,593,3.4,9.9,0
750,574758,570024,3941,483,3.9,8,0
751,574758,575456,3657,477,3.7,8,0
752,574758,578824,3493,437,3.5,7.3,0
753,574758,570441,2934,372,2.9,6.2,0
754,574758,570406,3867,536,3.9,8.9,0
755,574758,560108,3208,411,3.2,6.8,0
756,574758,568518,1653,340,1.7,5.7,0
757,560108,570024,3622,498,3.6,8.3,0
758,560108,575456,3337,491,3.3,8.2,0
759,560108,578824,3174,452,3.2,7.5,0
760,560108,570441,2615,386,2.6,6.4,0
761,560108,570406,3547,551,3.5,9.2,0
762,560108,574758,1677,277,1.7,4.6,0
763,568518,570024,4131,613,4.1,10.2,0
764,568518,575456,3846,607,3.8,10.1,0
765,568518,578824,3683,568,3.7,9.5,0
766,568518,570441,3124,502,3.1,8.4,0
767,568518,570406,4056,666,4.1,11.1,0
768,568518,574758,1653,331,1.7,5.5,0
769,560636,560322,2654,533,2.7,8.9,0
770,560232,560322,2253,516,2.3,8.6,0
771,560646,560322,2032,352,2,5.9,0
772,560153,560322,2433,621,2.4,10.4,0
773,574995,560322,3751,665,3.8,11.1,0
774,560178,560322,2532,524,2.5,8.7,0
775,560217,560322,1607,422,1.6,7,0
776,560322,560636,2295,441,2.3,7.4,0
777,560322,560232,1677,373,1.7,6.2,0
778,560322,560646,1673,280,1.7,4.7,0
779,560322,560153,1962,360,2,6,0
780,560322,574995,3107,537,3.1,9,0
781,560322,560178,2536,486,2.5,8.1,0
782,560322,560217,2543,458,2.5,7.6,0
783,575491,574758,3614,483,3.6,8,0
784,575491,560108,3538,479,3.5,8,0
785,575491,568518,3785,594,3.8,9.9,0
786,574758,575491,4177,503,4.2,8.4,0
787,560108,575491,3858,518,3.9,8.6,0
788,568518,575491,4366,633,4.4,10.6,0
789,560576,569341,2497,480,2.5,8,0
790,560573,569341,2413,482,2.4,8,0
791,560311,569341,1436,261,1.4,4.4,0
792,560323,569341,1154,247,1.2,4.1,0
793,560301,569341,1175,221,1.2,3.7,0
794,560244,569341,1096,158,1.1,2.6,0
795,560219,569341,1768,340,1.8,5.7,0
796,560214,569341,193,49,0.2,0.8,0
797,575921,569341,2631,332,2.6,5.5,0
798,789452,569341,3582,471,3.6,7.8,0
799,560350,569341,1773,333,1.8,5.6,0
800,560336,569341,1972,442,2,7.4,0
801,560533,569341,2744,445,2.7,7.4,0
802,560561,569341,2677,567,2.7,9.4,0
803,560610,569341,2949,485,2.9,8.1,0
804,560457,569341,2478,538,2.5,9,0
805,560462,569341,2495,543,2.5,9,0
806,560472,569341,2603,478,2.6,8,0
807,560416,569341,2493,459,2.5,7.6,0
808,560440,569341,2196,417,2.2,7,0
809,560337,569341,2204,399,2.2,6.6,0
810,570025,569341,3506,536,3.5,8.9,0
811,570105,569341,4633,758,4.6,12.6,0
812,570124,569341,4583,727,4.6,12.1,0
813,570249,569341,1922,380,1.9,6.3,0
814,562310,569341,1567,340,1.6,5.7,0
815,560207,569341,459,117,0.5,2,0
816,570229,569341,3972,578,4,9.6,0
817,560470,569341,2459,438,2.5,7.3,0
818,570153,569341,4793,750,4.8,12.5,0
819,560306,569341,1435,286,1.4,4.8,0
820,560222,569341,1780,354,1.8,5.9,0
821,575574,569341,3105,545,3.1,9.1,0
822,570170,569341,4660,695,4.7,11.6,0
823,560542,569341,2683,591,2.7,9.8,0
824,561590,569341,2479,482,2.5,8,0
825,562590,569666,2159,399,2.2,6.6,0
826,560317,569666,1901,289,1.9,4.8,0
827,560301,569666,1912,315,1.9,5.2,0
828,560253,569666,2778,453,2.8,7.6,0
829,560229,569666,2479,423,2.5,7,0
830,570407,569666,4962,706,5,11.8,0
831,560416,569666,2300,447,2.3,7.4,0
832,560443,569666,2038,409,2,6.8,0
833,560429,569666,2123,429,2.1,7.2,0
834,560502,569666,1434,289,1.4,4.8,0
835,560520,569666,1404,222,1.4,3.7,0
836,560533,569666,1572,281,1.6,4.7,0
837,572152,569666,6490,682,6.5,11.4,0
838,560576,569666,2006,348,2,5.8,0
839,560333,569666,2224,392,2.2,6.5,0
840,560303,569666,1662,240,1.7,4,0
841,560560,569666,2531,454,2.5,7.6,0
842,560522,569666,1645,319,1.6,5.3,0
843,560475,569666,2613,540,2.6,9,0
844,787722,569897,2204,454,2.2,7.6,0
845,574920,569897,1449,306,1.4,5.1,0
846,560182,569897,981,217,1,3.6,0
847,560156,569897,450,145,0.4,2.4,0
848,560155,569897,838,235,0.8,3.9,0
849,560424,569897,3243,577,3.2,9.6,0
850,578375,569897,696,170,0.7,2.8,0
851,560170,569897,170,65,0.2,1.1,0
852,570024,569897,4403,669,4.4,11.2,0
853,575456,569897,3621,543,3.6,9,0
854,578824,569897,3458,483,3.5,8,0
855,570441,569897,3053,474,3.1,7.9,0
856,570406,569897,4125,607,4.1,10.1,0
857,579496,569897,1755,341,1.8,5.7,0
858,579434,569897,1951,356,2,5.9,0
859,560348,569897,2613,453,2.6,7.6,0
860,560117,569897,1795,465,1.8,7.8,0
861,560212,569897,2202,450,2.2,7.5,0
862,560639,569897,1831,420,1.8,7,0
863,560428,569897,3271,627,3.3,10.4,0
864,575491,569897,3651,536,3.7,8.9,0
865,560322,569897,2431,462,2.4,7.7,0
866,560650,569897,2162,541,2.2,9,0
867,560325,569897,2614,529,2.6,8.8,0
868,560305,569897,2389,453,2.4,7.6,0
869,560112,569897,1402,378,1.4,6.3,0
870,574988,569897,1524,348,1.5,5.8,0
871,560244,569897,1983,383,2,6.4,0
872,787056,569897,1889,374,1.9,6.2,0
873,560115,569897,1762,431,1.8,7.2,0
874,570450,569897,3284,587,3.3,9.8,0
875,560255,569897,1401,304,1.4,5.1,0
876,560209,569897,2528,484,2.5,8.1,0
877,560618,569897,929,300,0.9,5,0
878,560217,569897,2966,561,3,9.4,0
879,574758,569897,1295,266,1.3,4.4,0
880,569341,560576,1871,396,1.9,6.6,0
881,569341,560573,1787,404,1.8,6.7,0
882,569341,560311,1450,285,1.4,4.8,0
883,569341,560323,1330,283,1.3,4.7,0
884,569341,560301,1192,243,1.2,4,0
885,569341,560244,2044,289,2,4.8,0
886,569341,560219,1187,244,1.2,4.1,0
887,569341,560214,186,45,0.2,0.8,0
888,569341,575921,1851,301,1.9,5,0
889,569341,789452,2751,478,2.8,8,0
890,569341,560350,1730,323,1.7,5.4,0
891,569341,560336,2038,421,2,7,0
892,569341,560533,2826,438,2.8,7.3,0
893,569341,560561,2667,579,2.7,9.6,0
894,569341,560610,3102,513,3.1,8.6,0
895,569341,560457,2690,613,2.7,10.2,0
896,569341,560462,2510,542,2.5,9,0
897,569341,560472,2502,496,2.5,8.3,0
898,569341,560416,2675,592,2.7,9.9,0
899,569341,560440,2658,589,2.7,9.8,0
900,569341,560337,1970,395,2,6.6,0
901,569341,570025,3059,511,3.1,8.5,0
902,569341,570105,4294,754,4.3,12.6,0
903,569341,570124,4243,734,4.2,12.2,0
904,569341,570249,1984,367,2,6.1,0
905,569341,562310,1044,249,1,4.2,0
906,569341,560207,453,117,0.5,2,0
907,569341,570229,2784,510,2.8,8.5,0
908,569341,560470,2358,461,2.4,7.7,0
909,569341,570153,4373,717,4.4,12,0
910,569341,560306,1487,430,1.5,7.2,0
911,569341,560222,1081,196,1.1,3.3,0
912,569341,575574,3908,601,3.9,10,0
913,569341,570170,4297,685,4.3,11.4,0
914,569341,560542,2667,579,2.7,9.6,0
915,569341,561590,1853,396,1.9,6.6,0
916,569666,562590,1842,393,1.8,6.6,0
917,569666,560317,1131,193,1.1,3.2,0
918,569666,560301,1119,214,1.1,3.6,0
919,569666,560253,2167,374,2.2,6.2,0
920,569666,560229,1756,313,1.8,5.2,0
921,569666,570407,2601,429,2.6,7.2,0
922,569666,560416,2585,564,2.6,9.4,0
923,569666,560443,2508,538,2.5,9,0
924,569666,560429,2638,578,2.6,9.6,0
925,569666,560502,1239,303,1.2,5,0
926,569666,560520,1199,242,1.2,4,0
927,569666,560533,1411,289,1.4,4.8,0
928,569666,572152,5718,713,5.7,11.9,0
929,569666,560576,1781,368,1.8,6.1,0
930,569666,560333,2204,298,2.2,5,0
931,569666,560303,2146,446,2.1,7.4,0
932,569666,560560,2324,470,2.3,7.8,0
933,569666,560522,1484,314,1.5,5.2,0
934,569666,560475,3209,474,3.2,7.9,0
935,569897,787722,2595,485,2.6,8.1,0
936,569897,574920,1891,319,1.9,5.3,0
937,569897,560182,1518,279,1.5,4.6,0
938,569897,560156,1691,455,1.7,7.6,0
939,569897,560155,2862,480,2.9,8,0
940,569897,560424,1957,437,2,7.3,0
941,569897,578375,1138,198,1.1,3.3,0
942,569897,560170,1454,275,1.5,4.6,0
943,569897,570024,3682,505,3.7,8.4,0
944,569897,575456,3397,498,3.4,8.3,0
945,569897,578824,3234,459,3.2,7.6,0
946,569897,570441,2675,393,2.7,6.6,0
947,569897,570406,3607,558,3.6,9.3,0
948,569897,579496,2338,345,2.3,5.8,0
949,569897,579434,2142,330,2.1,5.5,0
950,569897,560348,1921,365,1.9,6.1,0
951,569897,560117,460,153,0.5,2.6,0
952,569897,560212,1026,223,1,3.7,0
953,569897,560639,2742,432,2.7,7.2,0
954,569897,560428,3291,707,3.3,11.8,0
955,569897,575491,3918,525,3.9,8.8,0
956,569897,560322,2426,536,2.4,8.9,0
957,569897,560650,2910,506,2.9,8.4,0
958,569897,560325,1905,390,1.9,6.5,0
959,569897,560305,3159,566,3.2,9.4,0
960,569897,560112,2159,374,2.2,6.2,0
961,569897,574988,1965,361,2,6,0
962,569897,560244,1489,210,1.5,3.5,0
963,569897,787056,3604,568,3.6,9.5,0
964,569897,560115,455,166,0.5,2.8,0
965,569897,570450,2904,476,2.9,7.9,0
966,569897,560255,566,180,0.6,3,0
967,569897,560209,1347,281,1.3,4.7,0
968,569897,560618,2287,451,2.3,7.5,0
969,569897,560217,1666,341,1.7,5.7,0
970,569897,574758,1737,284,1.7,4.7,0
971,560636,560232,4471,673,4.5,11.2,0
972,560232,560612,3636,679,3.6,11.3,0
973,560636,560108,3446,639,3.4,10.7,0
974,569897,560636,3208,567,3.2,9.5,0
975,560646,560232,3150,563,3.2,9.4,0
976,560232,560636,3139,604,3.1,10.1,0
977,560153,560232,3009,519,3,8.7,0
978,560612,560108,2973,460,3,7.7,0
979,560232,574995,2949,558,2.9,9.3,0
980,574995,560108,2949,417,2.9,7,0
981,560646,560111,2905,496,2.9,8.3,0
982,574995,560153,2895,516,2.9,8.6,0
983,560111,560636,2889,519,2.9,8.7,0
984,569897,560153,2876,486,2.9,8.1,0
985,560646,560108,2824,459,2.8,7.7,0
986,560108,560153,2816,480,2.8,8,0
987,560232,560153,2807,523,2.8,8.7,0
988,560232,569897,2783,596,2.8,9.9,0
989,560178,560108,2744,404,2.7,6.7,0
990,560612,560232,2638,439,2.6,7.3,0
991,574995,560232,2614,396,2.6,6.6,0
992,569897,560646,2586,406,2.6,6.8,0
993,560111,560153,2557,438,2.6,7.3,0
994,574995,560646,2549,422,2.5,7,0
995,560636,560111,2539,668,2.5,11.1,0
996,560108,560646,2526,400,2.5,6.7,0
997,560232,560646,2517,444,2.5,7.4,0
998,560646,568518,2427,495,2.4,8.3,0
999,560178,560232,2409,383,2.4,6.4,0
1000,560646,574995,2308,412,2.3,6.9,0
1001,560108,560636,2271,536,2.3,8.9,0
1002,560111,560646,2268,358,2.3,6,0
1003,569897,560612,2256,424,2.3,7.1,0
1004,568518,560636,2244,505,2.2,8.4,0
1005,560232,560178,2231,547,2.2,9.1,0
1006,560636,560153,2221,494,2.2,8.2,0
1007,574995,560636,2216,466,2.2,7.8,0
1008,560636,568518,2211,536,2.2,8.9,0
1009,560646,560178,2183,435,2.2,7.3,0
1010,560636,574995,2175,422,2.2,7,0
1011,568518,560153,2171,456,2.2,7.6,0
1012,560111,560612,2129,534,2.1,8.9,0
1013,560612,560111,2097,485,2.1,8.1,0
1014,560646,560612,2088,397,2.1,6.6,0
1015,560232,568518,2073,488,2.1,8.1,0
1016,574995,560111,2072,442,2.1,7.4,0
1017,560646,569897,2069,415,2.1,6.9,0
1018,560636,560178,2049,445,2,7.4,0
1019,560111,574995,2026,388,2,6.5,0
1020,569897,568518,1983,414,2,6.9,0
1021,560636,560612,1954,407,2,6.8,0
1022,560612,560153,1939,380,1.9,6.3,0
1023,560178,560111,1868,429,1.9,7.2,0
1024,560111,569897,1860,427,1.9,7.1,0
1025,560153,574995,1856,363,1.9,6.1,0
1026,560636,569897,1853,456,1.9,7.6,0
1027,560108,560612,1834,439,1.8,7.3,0
1028,568518,560646,1825,362,1.8,6,0
1029,568518,560612,1807,408,1.8,6.8,0
1030,569897,574995,1791,301,1.8,5,0
1031,560153,560646,1783,401,1.8,6.7,0
1032,560178,560636,1749,423,1.7,7.1,0
1033,560108,574995,1731,294,1.7,4.9,0
1034,568518,574995,1708,348,1.7,5.8,0
1035,574995,568518,1708,364,1.7,6.1,0
1036,560153,560108,1679,436,1.7,7.3,0
1037,560178,560153,1677,375,1.7,6.3,0
1038,568518,560232,1675,411,1.7,6.9,0
1039,560153,560636,1650,391,1.7,6.5,0
1040,569897,560178,1636,322,1.6,5.4,0
1041,560612,568518,1629,378,1.6,6.3,0
1042,560646,560153,1600,313,1.6,5.2,0
1043,560612,560646,1593,286,1.6,4.8,0
1044,560612,574995,1592,317,1.6,5.3,0
1045,560108,569897,1565,332,1.6,5.5,0
1046,560153,560111,1538,452,1.5,7.5,0
1047,560178,568518,1458,334,1.5,5.6,0
1048,574995,560612,1393,317,1.4,5.3,0
1049,560178,574995,1363,261,1.4,4.4,0
1050,574995,560178,1361,275,1.4,4.6,0
1051,574995,569897,1350,289,1.4,4.8,0
1052,560178,560646,1330,280,1.3,4.7,0
1053,560612,560636,1311,320,1.3,5.3,0
1054,560111,560178,1308,386,1.3,6.4,0
1055,560111,560232,1287,311,1.3,5.2,0
1056,568518,560108,1276,304,1.3,5.1,0
1057,560232,560111,1275,326,1.3,5.4,0
1058,560612,569897,1270,298,1.3,5,0
1059,569897,560232,1227,302,1.2,5,0
1060,560153,560612,1213,294,1.2,4.9,0
1061,560153,568518,1210,320,1.2,5.3,0
1062,560232,560108,1194,289,1.2,4.8,0
1063,560108,560232,1167,296,1.2,4.9,0
1064,560111,568518,1150,327,1.2,5.5,0
1065,568518,560111,1135,320,1.1,5.3,0
1066,560178,569897,1100,260,1.1,4.3,0
1067,560108,560178,1013,292,1,4.9,0
1068,568518,560178,986,260,1,4.3,0
1069,560178,560612,977,236,1,3.9,0
1070,560153,560178,957,265,1,4.4,0
1071,560108,568518,855,232,0.9,3.9,0
1072,560153,569897,852,241,0.9,4,0
1073,560108,560111,849,227,0.8,3.8,0
1074,569897,560108,827,195,0.8,3.3,0
1075,569897,560111,686,211,0.7,3.5,0
1076,560636,560646,622,181,0.6,3,0
1077,560646,560636,622,161,0.6,2.7,0
1078,560612,560178,586,184,0.6,3.1,0
1079,568518,569897,449,109,0.4,1.8,0
1080,560111,560108,295,95,0.3,1.6,0
